source,category,title,price
foxtrot,computers,Ноутбук ASUS VivoBook 15 Intel Core i7 8GB RAM,37915 грн
rozetka,computers,Laptop Lenovo IdeaPad 3 AMD Ryzen 8 16GB,57302 грн
foxtrot,computers,Ноутбук ASUS VivoBook 15 Intel Core i3 8GB RAM,78171 грн
comfy,computers,Ноутбук HP Pavilion 15 Intel i7 512GB SSD,63954 грн
comfy,computers,Laptop Lenovo IdeaPad 3 AMD Ryzen 3 16GB,38778 грн
rozetka,computers,Laptop Lenovo IdeaPad 3 AMD Ryzen 5 16GB,74507 грн
foxtrot,computers,Ноутбук HP Pavilion 15 Intel i6 512GB SSD,66707 грн
foxtrot,computers,Laptop Lenovo IdeaPad 3 AMD Ryzen 5 16GB,22042 грн
comfy,computers,Ноутбук ASUS VivoBook 15 Intel Core i6 8GB RAM,9786 грн
rozetka,computers,Ноутбук HP Pavilion 15 Intel i7 512GB SSD,52374 грн
comfy,computers,Ноутбук ASUS VivoBook 15 Intel Core i7 8GB RAM,31589 грн
foxtrot,computers,Ноутбук ASUS VivoBook 15 Intel Core i8 8GB RAM,71984 грн
comfy,computers,Ноутбук HP Pavilion 15 Intel i7 512GB SSD,19597 грн
foxtrot,computers,Laptop Lenovo IdeaPad 3 AMD Ryzen 5 16GB,8285 грн
comfy,computers,Laptop Lenovo IdeaPad 3 AMD Ryzen 3 16GB,56228 грн
foxtrot,computers,Ноутбук HP Pavilion 15 Intel i7 512GB SSD,77563 грн
comfy,computers,Laptop Lenovo IdeaPad 3 AMD Ryzen 4 16GB,32784 грн
comfy,computers,Ноутбук ASUS VivoBook 15 Intel Core i5 8GB RAM,19210 грн
comfy,computers,Laptop Lenovo IdeaPad 3 AMD Ryzen 3 16GB,40677 грн
foxtrot,computers,Ноутбук ASUS VivoBook 15 Intel Core i4 8GB RAM,55236 грн
rozetka,computers,Ноутбук HP Pavilion 15 Intel i5 512GB SSD,67450 грн
rozetka,computers,Laptop Lenovo IdeaPad 3 AMD Ryzen 7 16GB,28427 грн
foxtrot,computers,Ноутбук HP Pavilion 15 Intel i7 512GB SSD,65357 грн
comfy,computers,Ноутбук HP Pavilion 15 Intel i5 512GB SSD,26624 грн
foxtrot,computers,Ноутбук ASUS VivoBook 15 Intel Core i7 8GB RAM,15481 грн
comfy,computers,Ноутбук HP Pavilion 15 Intel i4 512GB SSD,5552 грн
comfy,computers,Ноутбук HP Pavilion 15 Intel i7 512GB SSD,54863 грн
rozetka,computers,Laptop Lenovo IdeaPad 3 AMD Ryzen 7 16GB,63554 грн
foxtrot,computers,Laptop Lenovo IdeaPad 3 AMD Ryzen 5 16GB,47655 грн
rozetka,computers,Ноутбук ASUS VivoBook 15 Intel Core i3 8GB RAM,13589 грн
foxtrot,computers,Laptop Lenovo IdeaPad 3 AMD Ryzen 7 16GB,40332 грн
rozetka,computers,Ноутбук HP Pavilion 15 Intel i6 512GB SSD,62374 грн
foxtrot,computers,Laptop Lenovo IdeaPad 3 AMD Ryzen 6 16GB,46518 грн
comfy,computers,Ноутбук ASUS VivoBook 15 Intel Core i6 8GB RAM,27796 грн
foxtrot,computers,Laptop Lenovo IdeaPad 3 AMD Ryzen 3 16GB,37753 грн
rozetka,computers,Ноутбук HP Pavilion 15 Intel i4 512GB SSD,35639 грн
rozetka,computers,Ноутбук HP Pavilion 15 Intel i8 512GB SSD,22545 грн
comfy,computers,Ноутбук HP Pavilion 15 Intel i3 512GB SSD,26103 грн
foxtrot,computers,Ноутбук HP Pavilion 15 Intel i4 512GB SSD,54643 грн
foxtrot,computers,Ноутбук ASUS VivoBook 15 Intel Core i6 8GB RAM,63792 грн
foxtrot,computers,Ноутбук HP Pavilion 15 Intel i6 512GB SSD,35479 грн
rozetka,computers,Laptop Lenovo IdeaPad 3 AMD Ryzen 7 16GB,17522 грн
rozetka,computers,Laptop Lenovo IdeaPad 3 AMD Ryzen 3 16GB,11753 грн
comfy,computers,Ноутбук HP Pavilion 15 Intel i7 512GB SSD,39640 грн
comfy,computers,Ноутбук HP Pavilion 15 Intel i3 512GB SSD,42578 грн
foxtrot,computers,Ноутбук HP Pavilion 15 Intel i3 512GB SSD,57224 грн
rozetka,computers,Laptop Lenovo IdeaPad 3 AMD Ryzen 5 16GB,33576 грн
comfy,computers,Ноутбук ASUS VivoBook 15 Intel Core i4 8GB RAM,52271 грн
comfy,computers,Laptop Lenovo IdeaPad 3 AMD Ryzen 5 16GB,11573 грн
foxtrot,computers,Laptop Lenovo IdeaPad 3 AMD Ryzen 3 16GB,77142 грн
foxtrot,computers,Laptop Lenovo IdeaPad 3 AMD Ryzen 8 16GB,57478 грн
comfy,computers,Laptop Lenovo IdeaPad 3 AMD Ryzen 4 16GB,77688 грн
rozetka,computers,Ноутбук ASUS VivoBook 15 Intel Core i7 8GB RAM,58766 грн
comfy,computers,Ноутбук HP Pavilion 15 Intel i5 512GB SSD,25418 грн
foxtrot,computers,Ноутбук ASUS VivoBook 15 Intel Core i3 8GB RAM,72695 грн
comfy,computers,Ноутбук ASUS VivoBook 15 Intel Core i5 8GB RAM,20177 грн
comfy,computers,Ноутбук HP Pavilion 15 Intel i4 512GB SSD,48441 грн
foxtrot,computers,Laptop Lenovo IdeaPad 3 AMD Ryzen 4 16GB,69246 грн
foxtrot,computers,Ноутбук ASUS VivoBook 15 Intel Core i7 8GB RAM,58959 грн
rozetka,computers,Laptop Lenovo IdeaPad 3 AMD Ryzen 5 16GB,52048 грн
rozetka,computers,Ноутбук ASUS VivoBook 15 Intel Core i6 8GB RAM,53738 грн
comfy,computers,Laptop Lenovo IdeaPad 3 AMD Ryzen 3 16GB,36185 грн
rozetka,computers,Ноутбук HP Pavilion 15 Intel i3 512GB SSD,42049 грн
foxtrot,computers,Ноутбук ASUS VivoBook 15 Intel Core i4 8GB RAM,15839 грн
rozetka,computers,Ноутбук HP Pavilion 15 Intel i3 512GB SSD,49073 грн
rozetka,computers,Ноутбук HP Pavilion 15 Intel i4 512GB SSD,74384 грн
foxtrot,computers,Ноутбук HP Pavilion 15 Intel i6 512GB SSD,31015 грн
rozetka,computers,Laptop Lenovo IdeaPad 3 AMD Ryzen 6 16GB,6710 грн
foxtrot,computers,Ноутбук ASUS VivoBook 15 Intel Core i8 8GB RAM,41172 грн
rozetka,computers,Laptop Lenovo IdeaPad 3 AMD Ryzen 7 16GB,11204 грн
comfy,computers,Ноутбук ASUS VivoBook 15 Intel Core i5 8GB RAM,41803 грн
rozetka,computers,Laptop Lenovo IdeaPad 3 AMD Ryzen 8 16GB,47879 грн
comfy,computers,Laptop Lenovo IdeaPad 3 AMD Ryzen 5 16GB,25023 грн
foxtrot,computers,Ноутбук HP Pavilion 15 Intel i4 512GB SSD,44050 грн
rozetka,computers,Ноутбук HP Pavilion 15 Intel i5 512GB SSD,6620 грн
rozetka,computers,Laptop Lenovo IdeaPad 3 AMD Ryzen 7 16GB,72212 грн
rozetka,computers,Laptop Lenovo IdeaPad 3 AMD Ryzen 3 16GB,46552 грн
foxtrot,computers,Ноутбук ASUS VivoBook 15 Intel Core i3 8GB RAM,55418 грн
rozetka,computers,Ноутбук ASUS VivoBook 15 Intel Core i4 8GB RAM,54456 грн
comfy,computers,Ноутбук HP Pavilion 15 Intel i7 512GB SSD,62648 грн
foxtrot,computers,Ноутбук ASUS VivoBook 15 Intel Core i3 8GB RAM,73700 грн
rozetka,computers,Ноутбук HP Pavilion 15 Intel i4 512GB SSD,7805 грн
foxtrot,computers,Ноутбук ASUS VivoBook 15 Intel Core i6 8GB RAM,32819 грн
foxtrot,computers,Ноутбук ASUS VivoBook 15 Intel Core i7 8GB RAM,65618 грн
rozetka,computers,Ноутбук HP Pavilion 15 Intel i4 512GB SSD,76467 грн
foxtrot,computers,Laptop Lenovo IdeaPad 3 AMD Ryzen 4 16GB,43629 грн
comfy,computers,Ноутбук HP Pavilion 15 Intel i4 512GB SSD,75203 грн
foxtrot,computers,Ноутбук ASUS VivoBook 15 Intel Core i3 8GB RAM,8368 грн
comfy,computers,Ноутбук ASUS VivoBook 15 Intel Core i5 8GB RAM,79428 грн
rozetka,computers,Ноутбук ASUS VivoBook 15 Intel Core i8 8GB RAM,61145 грн
rozetka,computers,Ноутбук HP Pavilion 15 Intel i8 512GB SSD,72008 грн
foxtrot,computers,Ноутбук ASUS VivoBook 15 Intel Core i6 8GB RAM,28694 грн
foxtrot,computers,Ноутбук ASUS VivoBook 15 Intel Core i7 8GB RAM,54624 грн
comfy,computers,Laptop Lenovo IdeaPad 3 AMD Ryzen 5 16GB,12085 грн
foxtrot,computers,Ноутбук HP Pavilion 15 Intel i7 512GB SSD,24684 грн
comfy,computers,Ноутбук ASUS VivoBook 15 Intel Core i8 8GB RAM,23072 грн
rozetka,computers,Ноутбук ASUS VivoBook 15 Intel Core i3 8GB RAM,67333 грн
comfy,computers,Ноутбук HP Pavilion 15 Intel i3 512GB SSD,18445 грн
comfy,computers,Laptop Lenovo IdeaPad 3 AMD Ryzen 6 16GB,70592 грн
rozetka,computers,Ноутбук ASUS VivoBook 15 Intel Core i4 8GB RAM,28274 грн
rozetka,tvs,"TCL 7"" QLED Android TV",77886 грн
foxtrot,tvs,"LG OLED 6"" webOS HDR10",15792 грн
rozetka,tvs,"TCL 3"" QLED Android TV",22224 грн
rozetka,tvs,"Телевізор Samsung 3"" 4K UHD Smart TV",55824 грн
rozetka,tvs,"TCL 3"" QLED Android TV",42974 грн
comfy,tvs,"TCL 7"" QLED Android TV",48583 грн
comfy,tvs,"LG OLED 4"" webOS HDR10",65309 грн
rozetka,tvs,"Телевізор Samsung 7"" 4K UHD Smart TV",60423 грн
foxtrot,tvs,"TCL 3"" QLED Android TV",14281 грн
rozetka,tvs,"LG OLED 8"" webOS HDR10",34818 грн
rozetka,tvs,"TCL 4"" QLED Android TV",41643 грн
rozetka,tvs,"LG OLED 6"" webOS HDR10",76671 грн
comfy,tvs,"LG OLED 4"" webOS HDR10",74360 грн
foxtrot,tvs,"LG OLED 3"" webOS HDR10",46639 грн
comfy,tvs,"Телевізор Samsung 6"" 4K UHD Smart TV",12942 грн
comfy,tvs,"TCL 3"" QLED Android TV",36433 грн
rozetka,tvs,"Телевізор Samsung 8"" 4K UHD Smart TV",49703 грн
comfy,tvs,"Телевізор Samsung 8"" 4K UHD Smart TV",65327 грн
foxtrot,tvs,"LG OLED 5"" webOS HDR10",63857 грн
foxtrot,tvs,"TCL 3"" QLED Android TV",13185 грн
rozetka,tvs,"Телевізор Samsung 7"" 4K UHD Smart TV",64761 грн
foxtrot,tvs,"LG OLED 4"" webOS HDR10",44807 грн
comfy,tvs,"TCL 6"" QLED Android TV",70080 грн
rozetka,tvs,"TCL 6"" QLED Android TV",35942 грн
comfy,tvs,"Телевізор Samsung 5"" 4K UHD Smart TV",36941 грн
comfy,tvs,"Телевізор Samsung 6"" 4K UHD Smart TV",70061 грн
foxtrot,tvs,"Телевізор Samsung 5"" 4K UHD Smart TV",23587 грн
comfy,tvs,"Телевізор Samsung 4"" 4K UHD Smart TV",60951 грн
comfy,tvs,"TCL 7"" QLED Android TV",12895 грн
foxtrot,tvs,"TCL 3"" QLED Android TV",49582 грн
rozetka,tvs,"LG OLED 3"" webOS HDR10",66849 грн
comfy,tvs,"Телевізор Samsung 4"" 4K UHD Smart TV",15790 грн
foxtrot,tvs,"TCL 8"" QLED Android TV",17414 грн
foxtrot,tvs,"Телевізор Samsung 4"" 4K UHD Smart TV",16521 грн
foxtrot,tvs,"LG OLED 3"" webOS HDR10",6586 грн
rozetka,tvs,"TCL 3"" QLED Android TV",18098 грн
foxtrot,tvs,"TCL 3"" QLED Android TV",49335 грн
comfy,tvs,"LG OLED 7"" webOS HDR10",34522 грн
comfy,tvs,"TCL 4"" QLED Android TV",42839 грн
comfy,tvs,"TCL 8"" QLED Android TV",68834 грн
foxtrot,tvs,"LG OLED 3"" webOS HDR10",18612 грн
rozetka,tvs,"TCL 4"" QLED Android TV",23704 грн
comfy,tvs,"LG OLED 6"" webOS HDR10",36219 грн
rozetka,tvs,"Телевізор Samsung 3"" 4K UHD Smart TV",33021 грн
comfy,tvs,"TCL 6"" QLED Android TV",12625 грн
rozetka,tvs,"Телевізор Samsung 8"" 4K UHD Smart TV",8897 грн
comfy,tvs,"LG OLED 8"" webOS HDR10",12433 грн
comfy,tvs,"TCL 8"" QLED Android TV",72698 грн
rozetka,tvs,"Телевізор Samsung 8"" 4K UHD Smart TV",65151 грн
foxtrot,tvs,"LG OLED 7"" webOS HDR10",53186 грн
comfy,tvs,"LG OLED 7"" webOS HDR10",15091 грн
rozetka,tvs,"TCL 6"" QLED Android TV",43566 грн
comfy,tvs,"TCL 8"" QLED Android TV",39709 грн
comfy,tvs,"TCL 5"" QLED Android TV",52967 грн
rozetka,tvs,"Телевізор Samsung 4"" 4K UHD Smart TV",15482 грн
rozetka,tvs,"LG OLED 5"" webOS HDR10",36266 грн
foxtrot,tvs,"LG OLED 4"" webOS HDR10",32563 грн
comfy,tvs,"LG OLED 5"" webOS HDR10",29562 грн
rozetka,tvs,"LG OLED 5"" webOS HDR10",56430 грн
comfy,tvs,"Телевізор Samsung 4"" 4K UHD Smart TV",76164 грн
comfy,tvs,"TCL 8"" QLED Android TV",41068 грн
foxtrot,tvs,"TCL 4"" QLED Android TV",45157 грн
foxtrot,tvs,"TCL 8"" QLED Android TV",53944 грн
foxtrot,tvs,"Телевізор Samsung 7"" 4K UHD Smart TV",44954 грн
rozetka,tvs,"TCL 6"" QLED Android TV",26611 грн
rozetka,tvs,"Телевізор Samsung 7"" 4K UHD Smart TV",20180 грн
foxtrot,tvs,"LG OLED 7"" webOS HDR10",69553 грн
comfy,tvs,"TCL 3"" QLED Android TV",51078 грн
foxtrot,tvs,"LG OLED 3"" webOS HDR10",59428 грн
foxtrot,tvs,"LG OLED 3"" webOS HDR10",75195 грн
comfy,tvs,"TCL 3"" QLED Android TV",76916 грн
foxtrot,tvs,"Телевізор Samsung 7"" 4K UHD Smart TV",49526 грн
comfy,tvs,"LG OLED 7"" webOS HDR10",64633 грн
rozetka,tvs,"TCL 8"" QLED Android TV",24003 грн
rozetka,tvs,"TCL 6"" QLED Android TV",12128 грн
rozetka,tvs,"LG OLED 6"" webOS HDR10",17846 грн
rozetka,tvs,"Телевізор Samsung 6"" 4K UHD Smart TV",47932 грн
comfy,tvs,"LG OLED 5"" webOS HDR10",44197 грн
comfy,tvs,"TCL 7"" QLED Android TV",64943 грн
rozetka,tvs,"LG OLED 5"" webOS HDR10",49969 грн
comfy,tvs,"Телевізор Samsung 8"" 4K UHD Smart TV",13980 грн
comfy,tvs,"TCL 3"" QLED Android TV",11578 грн
comfy,tvs,"LG OLED 6"" webOS HDR10",36395 грн
rozetka,tvs,"TCL 7"" QLED Android TV",55342 грн
comfy,tvs,"TCL 5"" QLED Android TV",72377 грн
foxtrot,tvs,"TCL 7"" QLED Android TV",25290 грн
foxtrot,tvs,"TCL 5"" QLED Android TV",28582 грн
comfy,tvs,"Телевізор Samsung 3"" 4K UHD Smart TV",16083 грн
foxtrot,tvs,"Телевізор Samsung 8"" 4K UHD Smart TV",37842 грн
rozetka,tvs,"TCL 5"" QLED Android TV",59726 грн
comfy,tvs,"Телевізор Samsung 6"" 4K UHD Smart TV",75210 грн
foxtrot,tvs,"LG OLED 7"" webOS HDR10",40952 грн
foxtrot,tvs,"Телевізор Samsung 5"" 4K UHD Smart TV",78997 грн
comfy,tvs,"Телевізор Samsung 7"" 4K UHD Smart TV",76339 грн
rozetka,tvs,"LG OLED 3"" webOS HDR10",68790 грн
rozetka,tvs,"TCL 6"" QLED Android TV",14144 грн
rozetka,tvs,"LG OLED 6"" webOS HDR10",56457 грн
rozetka,tvs,"LG OLED 3"" webOS HDR10",39073 грн
foxtrot,tvs,"TCL 7"" QLED Android TV",27151 грн
rozetka,tvs,"TCL 5"" QLED Android TV",38173 грн
foxtrot,fridges,Холодильник Bosch KGN4XL NoFrost,73883 грн
foxtrot,fridges,Холодильник Samsung RB7FHDACBC,13294 грн
rozetka,fridges,Холодильник LG GBB8SWUGN Total No Frost,70940 грн
comfy,fridges,Холодильник Samsung RB4FHDACBC,67767 грн
foxtrot,fridges,Холодильник Bosch KGN3XL NoFrost,79932 грн
rozetka,fridges,Холодильник Bosch KGN6XL NoFrost,53759 грн
comfy,fridges,Холодильник LG GBB3SWUGN Total No Frost,72277 грн
rozetka,fridges,Холодильник Samsung RB3FHDACBC,23062 грн
comfy,fridges,Холодильник LG GBB3SWUGN Total No Frost,63257 грн
rozetka,fridges,Холодильник Samsung RB4FHDACBC,73297 грн
comfy,fridges,Холодильник Bosch KGN6XL NoFrost,7712 грн
rozetka,fridges,Холодильник Bosch KGN3XL NoFrost,8874 грн
comfy,fridges,Холодильник Samsung RB6FHDACBC,65111 грн
rozetka,fridges,Холодильник Samsung RB4FHDACBC,68705 грн
comfy,fridges,Холодильник Bosch KGN3XL NoFrost,65072 грн
rozetka,fridges,Холодильник Samsung RB8FHDACBC,62908 грн
comfy,fridges,Холодильник Samsung RB7FHDACBC,67848 грн
foxtrot,fridges,Холодильник LG GBB3SWUGN Total No Frost,20133 грн
comfy,fridges,Холодильник Bosch KGN3XL NoFrost,42839 грн
foxtrot,fridges,Холодильник LG GBB7SWUGN Total No Frost,52250 грн
foxtrot,fridges,Холодильник Bosch KGN8XL NoFrost,16640 грн
rozetka,fridges,Холодильник Samsung RB7FHDACBC,19478 грн
rozetka,fridges,Холодильник Bosch KGN4XL NoFrost,58242 грн
comfy,fridges,Холодильник LG GBB8SWUGN Total No Frost,50865 грн
rozetka,fridges,Холодильник LG GBB3SWUGN Total No Frost,51223 грн
rozetka,fridges,Холодильник Bosch KGN3XL NoFrost,71310 грн
foxtrot,fridges,Холодильник LG GBB7SWUGN Total No Frost,17984 грн
comfy,fridges,Холодильник LG GBB3SWUGN Total No Frost,18764 грн
foxtrot,fridges,Холодильник LG GBB8SWUGN Total No Frost,39392 грн
rozetka,fridges,Холодильник LG GBB7SWUGN Total No Frost,52730 грн
foxtrot,fridges,Холодильник Samsung RB6FHDACBC,15884 грн
foxtrot,fridges,Холодильник Bosch KGN8XL NoFrost,27600 грн
foxtrot,fridges,Холодильник LG GBB6SWUGN Total No Frost,57483 грн
foxtrot,fridges,Холодильник Bosch KGN6XL NoFrost,75544 грн
foxtrot,fridges,Холодильник Bosch KGN3XL NoFrost,43126 грн
comfy,fridges,Холодильник Samsung RB5FHDACBC,40562 грн
comfy,fridges,Холодильник Bosch KGN3XL NoFrost,15057 грн
rozetka,fridges,Холодильник Samsung RB4FHDACBC,27852 грн
comfy,fridges,Холодильник LG GBB5SWUGN Total No Frost,50824 грн
comfy,fridges,Холодильник LG GBB6SWUGN Total No Frost,35885 грн
comfy,fridges,Холодильник Bosch KGN5XL NoFrost,21322 грн
foxtrot,fridges,Холодильник Samsung RB6FHDACBC,28778 грн
rozetka,fridges,Холодильник Samsung RB3FHDACBC,36380 грн
rozetka,fridges,Холодильник LG GBB5SWUGN Total No Frost,21919 грн
foxtrot,fridges,Холодильник Bosch KGN6XL NoFrost,47432 грн
foxtrot,fridges,Холодильник LG GBB7SWUGN Total No Frost,53596 грн
foxtrot,fridges,Холодильник LG GBB6SWUGN Total No Frost,28716 грн
foxtrot,fridges,Холодильник Bosch KGN7XL NoFrost,46185 грн
foxtrot,fridges,Холодильник Bosch KGN5XL NoFrost,51950 грн
comfy,fridges,Холодильник LG GBB5SWUGN Total No Frost,43455 грн
foxtrot,fridges,Холодильник Samsung RB7FHDACBC,71480 грн
comfy,fridges,Холодильник Bosch KGN8XL NoFrost,42772 грн
rozetka,fridges,Холодильник Samsung RB6FHDACBC,64990 грн
foxtrot,fridges,Холодильник Bosch KGN4XL NoFrost,67803 грн
rozetka,fridges,Холодильник LG GBB5SWUGN Total No Frost,13689 грн
comfy,fridges,Холодильник Bosch KGN3XL NoFrost,68149 грн
rozetka,fridges,Холодильник Samsung RB3FHDACBC,26045 грн
foxtrot,fridges,Холодильник LG GBB5SWUGN Total No Frost,17974 грн
rozetka,fridges,Холодильник Samsung RB4FHDACBC,60701 грн
foxtrot,fridges,Холодильник Samsung RB3FHDACBC,67038 грн
foxtrot,fridges,Холодильник Samsung RB8FHDACBC,32919 грн
rozetka,fridges,Холодильник Samsung RB3FHDACBC,50063 грн
foxtrot,fridges,Холодильник Samsung RB3FHDACBC,32368 грн
rozetka,fridges,Холодильник LG GBB8SWUGN Total No Frost,79659 грн
foxtrot,fridges,Холодильник LG GBB7SWUGN Total No Frost,28322 грн
rozetka,fridges,Холодильник Samsung RB7FHDACBC,57905 грн
comfy,fridges,Холодильник Samsung RB5FHDACBC,53066 грн
comfy,fridges,Холодильник LG GBB3SWUGN Total No Frost,20679 грн
foxtrot,fridges,Холодильник Samsung RB6FHDACBC,17281 грн
foxtrot,fridges,Холодильник Samsung RB3FHDACBC,67722 грн
comfy,fridges,Холодильник Samsung RB8FHDACBC,46697 грн
comfy,fridges,Холодильник Bosch KGN8XL NoFrost,79274 грн
foxtrot,fridges,Холодильник LG GBB3SWUGN Total No Frost,38618 грн
rozetka,fridges,Холодильник Samsung RB5FHDACBC,11003 грн
rozetka,fridges,Холодильник Samsung RB7FHDACBC,37533 грн
comfy,fridges,Холодильник LG GBB5SWUGN Total No Frost,16300 грн
rozetka,fridges,Холодильник Bosch KGN4XL NoFrost,73032 грн
foxtrot,fridges,Холодильник Samsung RB3FHDACBC,22463 грн
rozetka,fridges,Холодильник Bosch KGN4XL NoFrost,41764 грн
comfy,fridges,Холодильник Samsung RB6FHDACBC,41996 грн
rozetka,fridges,Холодильник Bosch KGN3XL NoFrost,23275 грн
comfy,fridges,Холодильник Samsung RB8FHDACBC,52819 грн
foxtrot,fridges,Холодильник LG GBB6SWUGN Total No Frost,55265 грн
foxtrot,fridges,Холодильник Samsung RB7FHDACBC,9358 грн
comfy,fridges,Холодильник Samsung RB5FHDACBC,45464 грн
comfy,fridges,Холодильник Samsung RB5FHDACBC,68335 грн
foxtrot,fridges,Холодильник Bosch KGN5XL NoFrost,62647 грн
foxtrot,fridges,Холодильник Samsung RB8FHDACBC,42859 грн
rozetka,fridges,Холодильник LG GBB8SWUGN Total No Frost,49034 грн
foxtrot,fridges,Холодильник Bosch KGN8XL NoFrost,30544 грн
comfy,fridges,Холодильник LG GBB5SWUGN Total No Frost,44855 грн
rozetka,fridges,Холодильник LG GBB3SWUGN Total No Frost,34891 грн
foxtrot,fridges,Холодильник Samsung RB8FHDACBC,52312 грн
rozetka,fridges,Холодильник LG GBB4SWUGN Total No Frost,30414 грн
rozetka,fridges,Холодильник Bosch KGN4XL NoFrost,6861 грн
comfy,fridges,Холодильник LG GBB8SWUGN Total No Frost,38615 грн
rozetka,fridges,Холодильник LG GBB4SWUGN Total No Frost,49885 грн
foxtrot,fridges,Холодильник LG GBB3SWUGN Total No Frost,25851 грн
foxtrot,fridges,Холодильник Bosch KGN7XL NoFrost,52532 грн
comfy,fridges,Холодильник Samsung RB8FHDACBC,51526 грн
